{"cameraMode":{"drawMode":0,"name":"Shaded","section":"Shading Mode"},"sceneLighting":true,"audioPlay":false,"sceneViewState":{"showFog":true,"showMaterialUpdate":false,"showSkybox":true,"showFlares":true,"showImageEffects":true,"showParticleSystems":true},"in2DMode":false,"pivot":{"x":50.97100067138672,"y":1.4092373847961426,"z":53.600215911865237},"rotation":{"x":-0.001465697307139635,"y":0.9275519251823425,"z":-0.004597923718392849,"w":-0.3739462196826935},"size":2.159515380859375,"orthographic":false}