{"cameraMode":{"drawMode":0,"name":"Shaded","section":"Shading Mode"},"sceneLighting":true,"audioPlay":false,"sceneViewState":{"showFog":true,"showMaterialUpdate":false,"showSkybox":true,"showFlares":true,"showImageEffects":true,"showParticleSystems":true},"in2DMode":false,"pivot":{"x":50.355072021484378,"y":1.9037201404571534,"z":51.94691467285156},"rotation":{"x":0.021470220759510995,"y":0.9728632569313049,"z":-0.09681092947721482,"w":0.2096133977174759},"size":7.650851249694824,"orthographic":false}