{"cameraMode":{"drawMode":0,"name":"Shaded","section":"Shading Mode"},"sceneLighting":true,"audioPlay":false,"sceneViewState":{"showFog":true,"showMaterialUpdate":false,"showSkybox":true,"showFlares":true,"showImageEffects":true,"showParticleSystems":true},"in2DMode":false,"pivot":{"x":52.17823791503906,"y":0.8343404531478882,"z":53.01771545410156},"rotation":{"x":-0.1009429395198822,"y":0.7691147327423096,"z":-0.12621819972991944,"w":-0.6185136437416077},"size":4.319029331207275,"orthographic":false}