{"cameraMode":{"drawMode":0,"name":"Shaded","section":"Shading Mode"},"sceneLighting":false,"audioPlay":false,"sceneViewState":{"showFog":true,"showMaterialUpdate":false,"showSkybox":false,"showFlares":true,"showImageEffects":true,"showParticleSystems":true},"in2DMode":false,"pivot":{"x":1.2752189636230469,"y":17.91366195678711,"z":-0.13904666900634767},"rotation":{"x":0.1304144412279129,"y":-0.01957809180021286,"z":0.0025603901594877245,"w":0.9912822842597961},"size":25.108835220336915,"orthographic":false}