{"cameraMode":{"drawMode":0,"name":"Shaded","section":"Shading Mode"},"sceneLighting":false,"audioPlay":false,"sceneViewState":{"showFog":true,"showMaterialUpdate":false,"showSkybox":false,"showFlares":true,"showImageEffects":true,"showParticleSystems":true},"in2DMode":false,"pivot":{"x":35.84993362426758,"y":11.10165786743164,"z":47.3123664855957},"rotation":{"x":0.1304144412279129,"y":-0.01957809180021286,"z":0.0025603901594877245,"w":0.9912822842597961},"size":14.897841453552246,"orthographic":false}